,Número fallecidos,Población,Tasa de mortalidad por 100.000 habitantes
edad 0 a 4,1,28349,3.527461286112385
edad 5 a 14,0,45465,0.0
edad 15 a 44,3,198767,1.5093048644895781
edad 45 a 64,30,113931,26.33172709798036
edad 65 a 84,70,53426,131.0223486691873
edad 85 a 99,23,6021,381.99634612190664
edad 100 o más,0,201,0.0
